age,date,feed_type,value
0,2025-08-03,feed_1,AP
1,2025-08-04,feed_1,AP
2,2025-08-05,feed_1,JB
4,2025-08-07,feed_1,AP/JB
5,2025-08-08,feed_1,AP/JB
6,2025-08-09,feed_1,JB
7,2025-08-10,feed_1,AP
8,2025-08-11,feed_1,AP
9,2025-08-12,feed_1,AP/JB
10,2025-08-13,feed_1,AP/JB
11,2025-08-14,feed_1,AP/JB
12,2025-08-15,feed_1,JB
13,2025-08-16,feed_1,JB
14,2025-08-17,feed_1,AP
15,2025-08-18,feed_1,JB
16,2025-08-19,feed_1,JB
17,2025-08-20,feed_1,JB
18,2025-08-21,feed_1,JB
19,2025-08-22,feed_1,KH/JB
20,2025-08-23,feed_1,KH
21,2025-08-24,feed_1,JB
22,2025-08-25,feed_1,JB
23,2025-08-26,feed_1,JB
24,2025-08-27,feed_1,AP
25,2025-08-28,feed_1,AP
26,2025-08-29,feed_1,JB
27,2025-08-30,feed_1,JB
28,2025-08-31,feed_1,AP
29,2025-09-01,feed_1,AP
30,2025-09-02,feed_1,AP
31,2025-09-03,feed_1,JB
32,2025-09-04,feed_1,JB
33,2025-09-05,feed_1,JB
34,2025-09-06,feed_1,JB
35,2025-09-07,feed_1,JB
36,2025-09-08,feed_1,AP
37,2025-09-09,feed_1,AP/JB
38,2025-09-10,feed_1,AP/JB
39,2025-09-11,feed_1,AP/JB
40,2025-09-12,feed_1,JB
41,2025-09-13,feed_1,AP
42,2025-09-14,feed_1,AP
43,2025-09-15,feed_1,AP
44,2025-09-16,feed_1,AP/JB
46,2025-09-18,feed_1,AP/JB
47,2025-09-19,feed_1,JB
48,2025-09-20,feed_1,JB
49,2025-09-21,feed_1,AP
50,2025-09-22,feed_1,AP
51,2025-09-23,feed_1,AP/JB
52,2025-09-24,feed_1,AP/JB
53,2025-09-25,feed_1,AP/JB
54,2025-09-26,feed_1,JB
55,2025-09-27,feed_1,JB
56,2025-09-28,feed_1,AP
57,2025-09-29,feed_1,AP
58,2025-09-30,feed_1,AP/JB
59,2025-10-01,feed_1,AP/JB
60,2025-10-02,feed_1,AP/JB
61,2025-10-03,feed_1,JB
63,2025-10-05,feed_1,AP
64,2025-10-06,feed_1,AP
65,2025-10-07,feed_1,AP/JB
66,2025-10-08,feed_1,AP/JB
67,2025-10-09,feed_1,AP/JB
68,2025-10-10,feed_1,JB
69,2025-10-11,feed_1,JB
70,2025-10-12,feed_1,AP
71,2025-10-13,feed_1,AP
72,2025-10-14,feed_1,AP/JB
73,2025-10-15,feed_1,JB
74,2025-10-16,feed_1,AP/JB
75,2025-10-17,feed_1,AP
76,2025-10-18,feed_1,KH
77,2025-10-19,feed_1,AP
78,2025-10-20,feed_1,AP
79,2025-10-21,feed_1,AP
80,2025-10-22,feed_1,AP
81,2025-10-23,feed_1,AP
82,2025-10-24,feed_1,AP
83,2025-10-25,feed_1,KH
84,2025-10-26,feed_1,AP
85,2025-10-27,feed_1,AP
86,2025-10-28,feed_1,AP/JB
87,2025-10-29,feed_1,JB
88,2025-10-30,feed_1,JB
89,2025-10-31,feed_1,JB
90,2025-11-01,feed_1,JB
0,2025-08-03,feed_8,0
1,2025-08-04,feed_8,0
2,2025-08-05,feed_8,0
3,2025-08-06,feed_8,0/6
4,2025-08-07,feed_8,0/6
5,2025-08-08,feed_8,0/6
6,2025-08-09,feed_8,0/6
7,2025-08-10,feed_8,0/6
8,2025-08-11,feed_8,0/6
9,2025-08-12,feed_8,0/6
10,2025-08-13,feed_8,0/6
11,2025-08-14,feed_8,0/6
12,2025-08-15,feed_8,0/6
13,2025-08-16,feed_8,0/6
14,2025-08-17,feed_8,0/6
15,2025-08-18,feed_8,0/6
16,2025-08-19,feed_8,0/6
17,2025-08-20,feed_8,0/6
18,2025-08-21,feed_8,0/6
19,2025-08-22,feed_8,0/6
20,2025-08-23,feed_8,0/6
21,2025-08-24,feed_8,0/6
22,2025-08-25,feed_8,0/6
23,2025-08-26,feed_8,0/6
24,2025-08-27,feed_8,0/6
25,2025-08-28,feed_8,0/6
26,2025-08-29,feed_8,0/6
27,2025-08-30,feed_8,0/6
28,2025-08-31,feed_8,0/6
29,2025-09-01,feed_8,0/6
30,2025-09-02,feed_8,0/6
31,2025-09-03,feed_8,0/6
32,2025-09-04,feed_8,0/6
33,2025-09-05,feed_8,0/6
34,2025-09-06,feed_8,0/6
35,2025-09-07,feed_8,0/6
36,2025-09-08,feed_8,0/6
37,2025-09-09,feed_8,0/6
38,2025-09-10,feed_8,0/6
39,2025-09-11,feed_8,0/6
40,2025-09-12,feed_8,0/6
41,2025-09-13,feed_8,0/6
42,2025-09-14,feed_8,0/6
43,2025-09-15,feed_8,0/6
44,2025-09-16,feed_8,0/6
45,2025-09-17,feed_8,0/6
46,2025-09-18,feed_8,0/6
47,2025-09-19,feed_8,0/6
48,2025-09-20,feed_8,0/6
49,2025-09-21,feed_8,0/6
50,2025-09-22,feed_8,0/6
51,2025-09-23,feed_8,10
52,2025-09-24,feed_8,10
53,2025-09-25,feed_8,10
54,2025-09-26,feed_8,10
55,2025-09-27,feed_8,10
56,2025-09-28,feed_8,10
57,2025-09-29,feed_8,10
58,2025-09-30,feed_8,10
59,2025-10-01,feed_8,10
60,2025-10-02,feed_8,10
61,2025-10-03,feed_8,10
62,2025-10-04,feed_8,10
63,2025-10-05,feed_8,10
64,2025-10-06,feed_8,10
65,2025-10-07,feed_8,10
66,2025-10-08,feed_8,10
67,2025-10-09,feed_8,10
68,2025-10-10,feed_8,10
69,2025-10-11,feed_8,10
70,2025-10-12,feed_8,10
71,2025-10-13,feed_8,10
72,2025-10-14,feed_8,10
73,2025-10-15,feed_8,10
74,2025-10-16,feed_8,10
75,2025-10-17,feed_8,10
76,2025-10-18,feed_8,10
77,2025-10-19,feed_8,10
78,2025-10-20,feed_8,10
79,2025-10-21,feed_8,10
80,2025-10-22,feed_8,10
81,2025-10-23,feed_8,10
82,2025-10-24,feed_8,10
83,2025-10-25,feed_8,10
84,2025-10-26,feed_8,10
85,2025-10-27,feed_8,10
86,2025-10-28,feed_8,10
87,2025-10-29,feed_8,10
88,2025-10-30,feed_8,10
89,2025-10-31,feed_8,10
90,2025-11-01,feed_8,10
0,2025-08-03,feed_9,12:12
1,2025-08-04,feed_9,12:12
2,2025-08-05,feed_9,12:12
3,2025-08-06,feed_9,12:12
4,2025-08-07,feed_9,12:12
5,2025-08-08,feed_9,12:12
6,2025-08-09,feed_9,12:12
7,2025-08-10,feed_9,12:12
8,2025-08-11,feed_9,12:12
9,2025-08-12,feed_9,12:12
10,2025-08-13,feed_9,12:12
11,2025-08-14,feed_9,12:12
12,2025-08-15,feed_9,12:12
13,2025-08-16,feed_9,12:12
14,2025-08-17,feed_9,12:12
15,2025-08-18,feed_9,12:12
16,2025-08-19,feed_9,12:12
17,2025-08-20,feed_9,12:12
18,2025-08-21,feed_9,12:12
19,2025-08-22,feed_9,12:12
20,2025-08-23,feed_9,12:12
21,2025-08-24,feed_9,12:12
22,2025-08-25,feed_9,12:12
23,2025-08-26,feed_9,12:12
24,2025-08-27,feed_9,12:12
25,2025-08-28,feed_9,12:12
26,2025-08-29,feed_9,12:12
27,2025-08-30,feed_9,12:12
28,2025-08-31,feed_9,12:12
29,2025-09-01,feed_9,12:12
30,2025-09-02,feed_9,12:12
31,2025-09-03,feed_9,12:12
32,2025-09-04,feed_9,12:12
33,2025-09-05,feed_9,12:12
34,2025-09-06,feed_9,12:12
35,2025-09-07,feed_9,12:12
36,2025-09-08,feed_9,12:12
37,2025-09-09,feed_9,12:12
38,2025-09-10,feed_9,12:12
39,2025-09-11,feed_9,12:12
40,2025-09-12,feed_9,12:12
41,2025-09-13,feed_9,12:12
42,2025-09-14,feed_9,12:12
43,2025-09-15,feed_9,12:12
44,2025-09-16,feed_9,12:12
45,2025-09-17,feed_9,12:12
46,2025-09-18,feed_9,12:12
47,2025-09-19,feed_9,12:12
48,2025-09-20,feed_9,12:12
49,2025-09-21,feed_9,12:12
50,2025-09-22,feed_9,12:12
51,2025-09-23,feed_9,12:12
52,2025-09-24,feed_9,12:12
53,2025-09-25,feed_9,12:12
54,2025-09-26,feed_9,12:12
55,2025-09-27,feed_9,12:12
56,2025-09-28,feed_9,12:12
57,2025-09-29,feed_9,12:12
58,2025-09-30,feed_9,12:12
59,2025-10-01,feed_9,12:12
60,2025-10-02,feed_9,12:12
61,2025-10-03,feed_9,12:12
62,2025-10-04,feed_9,12:12
63,2025-10-05,feed_9,12:12
64,2025-10-06,feed_9,12:12
65,2025-10-07,feed_9,12:12
66,2025-10-08,feed_9,12:12
67,2025-10-09,feed_9,12:12
68,2025-10-10,feed_9,12:12
69,2025-10-11,feed_9,12:12
70,2025-10-12,feed_9,12:12
71,2025-10-13,feed_9,12:12
72,2025-10-14,feed_9,12:12
73,2025-10-15,feed_9,12:12
74,2025-10-16,feed_9,12:12
75,2025-10-17,feed_9,12:12
76,2025-10-18,feed_9,12:12
77,2025-10-19,feed_9,12:12
78,2025-10-20,feed_9,12:12
79,2025-10-21,feed_9,12:12
80,2025-10-22,feed_9,12:12
81,2025-10-23,feed_9,12:12
82,2025-10-24,feed_9,12:12
83,2025-10-25,feed_9,12:12
84,2025-10-26,feed_9,12:12
85,2025-10-27,feed_9,12:12
86,2025-10-28,feed_9,12:12
87,2025-10-29,feed_9,12:12
88,2025-10-30,feed_9,12:12
89,2025-10-31,feed_9,12:12
90,2025-11-01,feed_9,12:12
0,2025-08-03,feed_10,Flow at 4 LPM (1ton) or 6 LPM (4ton)
3,2025-08-06,feed_10,Flow OFF during day; Flow ON at 6LPM overnight (1ton) or 24 LPM (4ton)
11,2025-08-14,feed_10,Stand Pipe to 500 micron
12,2025-08-15,feed_10,fed ENR like a dummy. 3/8 flow with PM algae in an attempt to flush artemia.
18,2025-08-21,feed_10,Stand Pipe to 1000 micron
21,2025-08-24,feed_10,big enough for 1000 um now
23,2025-08-26,feed_10,When NH starts: flow @ 3LPM (AM) and 6LPM (PM)
32,2025-09-04,feed_10,this tank is looking very good 
35,2025-09-07,feed_10,flutter. Light issues in the AM
45,2025-09-17,feed_10,Network down
50,2025-09-22,feed_10,Add Coral Rubble
51,2025-09-23,feed_10,Increase flow rate to 10 LPM (1ton) or 40LPM (4ton)
55,2025-09-27,feed_10,tried running at 3/6. still didn’t like it. Very hungry tank extra feed on everything
77,2025-10-19,feed_10,157 small and clear YT from T7 (run 38)
90,2025-11-01,feed_10,121 added from T9 (run 39)
3,2025-08-06,feed_11,Start Algae (150k AM) and Copes (5M x 2)
10,2025-08-13,feed_11,"Start Rotifers (15M), Add skimmer, 500um standpipe"
12,2025-08-15,feed_11,Copes to 1M x 2
13,2025-08-16,feed_11,Start A1
15,2025-08-18,feed_11,Start A2.
16,2025-08-19,feed_11,"Last Day Copes, start siphoning."
18,2025-08-21,feed_11,"0.05 NH, increasing as needed. 1000um Standpipe"
20,2025-08-23,feed_11,*1tons = LED light intensity down to 75% 
21,2025-08-24,feed_11,*4tons = turn off flurorescents and LED 
22,2025-08-25,feed_11,light intensity up to max
23,2025-08-26,feed_11,Last day A1
24,2025-08-27,feed_11,Last Day Rotifers. Paste. Begin B1
27,2025-08-30,feed_11,"ENR at 0.1, increasing as needed."
30,2025-09-02,feed_11,ENR only.  Up to 0.2
35,2025-09-07,feed_11,Last Day A2
40,2025-09-12,feed_11,Begin B2
44,2025-09-16,feed_11,Last day B1
50,2025-09-22,feed_11,Begin C1 and Flakes
51,2025-09-23,feed_11,Off Algae if ready.
52,2025-09-24,feed_11,Calafin X 2
58,2025-09-30,feed_11,Calafin X 4
60,2025-10-02,feed_11,Last day B2
3,2025-08-06,feed_12,150k
4,2025-08-07,feed_12,150k
5,2025-08-08,feed_12,150k
6,2025-08-09,feed_12,150k
7,2025-08-10,feed_12,150k
8,2025-08-11,feed_12,150k
9,2025-08-12,feed_12,150k
10,2025-08-13,feed_12,150k
11,2025-08-14,feed_12,150k
12,2025-08-15,feed_12,150k
13,2025-08-16,feed_12,150k
14,2025-08-17,feed_12,150k
15,2025-08-18,feed_12,150k
16,2025-08-19,feed_12,150k
17,2025-08-20,feed_12,150k
18,2025-08-21,feed_12,150k
19,2025-08-22,feed_12,150k
20,2025-08-23,feed_12,150k
21,2025-08-24,feed_12,150k
22,2025-08-25,feed_12,150k
23,2025-08-26,feed_12,150k
24,2025-08-27,feed_12,150k
25,2025-08-28,feed_12,150k
26,2025-08-29,feed_12,150k
27,2025-08-30,feed_12,150k
28,2025-08-31,feed_12,150k
29,2025-09-01,feed_12,150k
30,2025-09-02,feed_12,150k
31,2025-09-03,feed_12,150k
32,2025-09-04,feed_12,150k
33,2025-09-05,feed_12,150k
34,2025-09-06,feed_12,150k
35,2025-09-07,feed_12,150k
36,2025-09-08,feed_12,150k
37,2025-09-09,feed_12,150k
38,2025-09-10,feed_12,150k
39,2025-09-11,feed_12,150k
40,2025-09-12,feed_12,150k
41,2025-09-13,feed_12,150k
42,2025-09-14,feed_12,150k
43,2025-09-15,feed_12,150k
44,2025-09-16,feed_12,150k
45,2025-09-17,feed_12,150k
46,2025-09-18,feed_12,150k
47,2025-09-19,feed_12,150k
48,2025-09-20,feed_12,150k
49,2025-09-21,feed_12,150k
50,2025-09-22,feed_12,75k
51,2025-09-23,feed_12,75k
52,2025-09-24,feed_12,75k
53,2025-09-25,feed_12,75k
54,2025-09-26,feed_12,75k
55,2025-09-27,feed_12,75k
56,2025-09-28,feed_12,75k
57,2025-09-29,feed_12,75k
58,2025-09-30,feed_12,off
3,2025-08-06,feed_13,Tiso (AM only)
20,2025-08-23,feed_13,***Die Off Period***
50,2025-09-22,feed_13,Off paste
3,2025-08-06,feed_14,*aim for 150-200k cells/mL 
25,2025-08-28,feed_14,20mL 2x (1ton) or 80mL 2x (4ton)
50,2025-09-22,feed_14,extend if needed
51,2025-09-23,feed_14,"Fluttering, keeping algae a few more days"
56,2025-09-28,feed_14,"Accidentally had flow on for ~2 hours, didn't add extra- seemed okay"
2,2025-08-05,feed_15,P. crass
3,2025-08-06,feed_19,5
4,2025-08-07,feed_19,5
5,2025-08-08,feed_19,5
6,2025-08-09,feed_19,5
7,2025-08-10,feed_19,5
8,2025-08-11,feed_19,5
9,2025-08-12,feed_19,5
10,2025-08-13,feed_19,5
11,2025-08-14,feed_19,5
12,2025-08-15,feed_19,1
13,2025-08-16,feed_19,1
14,2025-08-17,feed_19,1
15,2025-08-18,feed_19,1
16,2025-08-19,feed_19,1
17,2025-08-20,feed_19,1
18,2025-08-21,feed_19,1
19,2025-08-22,feed_19,1
20,2025-08-23,feed_19,1
21,2025-08-24,feed_19,1
22,2025-08-25,feed_19,1
23,2025-08-26,feed_19,1
3,2025-08-06,feed_21,5
4,2025-08-07,feed_21,5
5,2025-08-08,feed_21,5
6,2025-08-09,feed_21,5
7,2025-08-10,feed_21,5
8,2025-08-11,feed_21,5
9,2025-08-12,feed_21,5
10,2025-08-13,feed_21,5
11,2025-08-14,feed_21,5
12,2025-08-15,feed_21,1
13,2025-08-16,feed_21,1
14,2025-08-17,feed_21,1
15,2025-08-18,feed_21,1
16,2025-08-19,feed_21,1
17,2025-08-20,feed_21,1
18,2025-08-21,feed_21,1
19,2025-08-22,feed_21,1
20,2025-08-23,feed_21,1
21,2025-08-24,feed_21,1
22,2025-08-25,feed_21,1
23,2025-08-26,feed_21,1
3,2025-08-06,feed_22,Copes @ ≥5/mL (At least 2x)
4,2025-08-07,feed_22,Critical Cope Period
12,2025-08-15,feed_22,Copes ≥1/mL (At least 2x)
16,2025-08-19,feed_22,last day for naups and eggs
17,2025-08-20,feed_22,EXTEND IF AVAILABLE
23,2025-08-26,feed_22,HARD STOP
16,2025-08-19,feed_23,extend if needed
10,2025-08-13,feed_27,10+5
11,2025-08-14,feed_27,10+5
12,2025-08-15,feed_27,10+5
13,2025-08-16,feed_27,10+5
14,2025-08-17,feed_27,10+5
15,2025-08-18,feed_27,10+5
16,2025-08-19,feed_27,10+5
17,2025-08-20,feed_27,10+5
18,2025-08-21,feed_27,10+5
19,2025-08-22,feed_27,10+5
20,2025-08-23,feed_27,10+5
21,2025-08-24,feed_27,10+5
22,2025-08-25,feed_27,10+5
23,2025-08-26,feed_27,10+5
24,2025-08-27,feed_27,10+5
25,2025-08-28,feed_27,2+3
26,2025-08-29,feed_27,3+2
27,2025-08-30,feed_27,3+2
28,2025-08-31,feed_27,3+2
29,2025-09-01,feed_27,3+2
30,2025-09-02,feed_27,3+2
31,2025-09-03,feed_27,3+2
32,2025-09-04,feed_27,3+2
33,2025-09-05,feed_27,3+2
34,2025-09-06,feed_27,3+2
35,2025-09-07,feed_27,3+2
10,2025-08-13,feed_29,Rotifers (2x)  ADD SKIMMER
20,2025-08-23,feed_29,"rotifers from Biota today, didn't receive til after 10:30, dirty but rotifers in good condition"
24,2025-08-27,feed_29,SOFT STOP
25,2025-08-28,feed_29,reduce to 5 million
35,2025-09-07,feed_29,HARD STOP
10,2025-08-13,feed_30,Feed 15 M in AM
11,2025-08-14,feed_30,*Change Standpipe to 500 micron*
24,2025-08-27,feed_30,extend if needed
25,2025-08-28,feed_30,maybe 5 million instead of 15?
17,2025-08-20,feed_33,0.2
18,2025-08-21,feed_33,0.2
19,2025-08-22,feed_33,0.2
20,2025-08-23,feed_33,0.1
21,2025-08-24,feed_33,0.1
22,2025-08-25,feed_33,0.1
23,2025-08-26,feed_33,0.1
24,2025-08-27,feed_33,0.2
25,2025-08-28,feed_33,0.2
26,2025-08-29,feed_33,0.2
27,2025-08-30,feed_33,0.2
28,2025-08-31,feed_33,0.2
29,2025-09-01,feed_33,0.2
30,2025-09-02,feed_33,0.1
31,2025-09-03,feed_33,0.1
32,2025-09-04,feed_33,0.1
33,2025-09-05,feed_33,0.1
34,2025-09-06,feed_33,0.1
35,2025-09-07,feed_33,0.1
36,2025-09-08,feed_33,off
17,2025-08-20,feed_34,0
18,2025-08-21,feed_34,0
19,2025-08-22,feed_34,0.2
21,2025-08-24,feed_34,0.1
22,2025-08-25,feed_34,0.1
23,2025-08-26,feed_34,0.1
24,2025-08-27,feed_34,0.2
25,2025-08-28,feed_34,0.2
26,2025-08-29,feed_34,0.2
27,2025-08-30,feed_34,0.2
28,2025-08-31,feed_34,0.2
29,2025-09-01,feed_34,0.2
30,2025-09-02,feed_34,0.1
31,2025-09-03,feed_34,0.1
32,2025-09-04,feed_34,0.1
33,2025-09-05,feed_34,0.1
34,2025-09-06,feed_34,0.1
35,2025-09-07,feed_34,0.1
36,2025-09-08,feed_34,off
17,2025-08-20,feed_35,0
18,2025-08-21,feed_35,0.2
19,2025-08-22,feed_35,0.2
20,2025-08-23,feed_35,0.1
21,2025-08-24,feed_35,0.1
22,2025-08-25,feed_35,0.1
23,2025-08-26,feed_35,0.1
24,2025-08-27,feed_35,0.2
25,2025-08-28,feed_35,0.2
26,2025-08-29,feed_35,0.2
27,2025-08-30,feed_35,0.2
28,2025-08-31,feed_35,0.2
29,2025-09-01,feed_35,0.2
30,2025-09-02,feed_35,0.1
31,2025-09-03,feed_35,0.1
32,2025-09-04,feed_35,0.1
33,2025-09-05,feed_35,0.1
34,2025-09-06,feed_35,0.1
35,2025-09-07,feed_35,0.1
36,2025-09-08,feed_35,off
19,2025-08-22,feed_36,gave 3 0.2 feeds in am and was way too much. Dropping to 0.1
20,2025-08-23,feed_36,only fed twice
26,2025-08-29,feed_38,0.025
27,2025-08-30,feed_38,0.05
28,2025-08-31,feed_38,0.05
29,2025-09-01,feed_38,0.05
30,2025-09-02,feed_38,0.2
31,2025-09-03,feed_38,0.2
32,2025-09-04,feed_38,0.2
33,2025-09-05,feed_38,0.2
34,2025-09-06,feed_38,0.2
35,2025-09-07,feed_38,0.2
36,2025-09-08,feed_38,0.3
37,2025-09-09,feed_38,0.3
38,2025-09-10,feed_38,0.3
39,2025-09-11,feed_38,0.3
40,2025-09-12,feed_38,0.3
41,2025-09-13,feed_38,0.3
42,2025-09-14,feed_38,0.3
43,2025-09-15,feed_38,0.3
44,2025-09-16,feed_38,0.3
45,2025-09-17,feed_38,0.3
46,2025-09-18,feed_38,0.3
47,2025-09-19,feed_38,0.3
48,2025-09-20,feed_38,0.3
49,2025-09-21,feed_38,0.3
50,2025-09-22,feed_38,0.3
51,2025-09-23,feed_38,0.3
52,2025-09-24,feed_38,0.3
53,2025-09-25,feed_38,0.3
54,2025-09-26,feed_38,0.3
55,2025-09-27,feed_38,0.3
56,2025-09-28,feed_38,0.3
57,2025-09-29,feed_38,0.3
58,2025-09-30,feed_38,0.3
59,2025-10-01,feed_38,0.3
60,2025-10-02,feed_38,0.3
61,2025-10-03,feed_38,0.3
62,2025-10-04,feed_38,0.2
63,2025-10-05,feed_38,0.3
64,2025-10-06,feed_38,0.3
65,2025-10-07,feed_38,0.3
66,2025-10-08,feed_38,0.3
67,2025-10-09,feed_38,0.3
68,2025-10-10,feed_38,0.3
69,2025-10-11,feed_38,0.3
70,2025-10-12,feed_38,0.3
71,2025-10-13,feed_38,0.3
72,2025-10-14,feed_38,0.3
73,2025-10-15,feed_38,0.3
74,2025-10-16,feed_38,0.3
75,2025-10-17,feed_38,0.3
77,2025-10-19,feed_38,0.3
78,2025-10-20,feed_38,0.3
79,2025-10-21,feed_38,0.3
80,2025-10-22,feed_38,0.3
81,2025-10-23,feed_38,0.3
82,2025-10-24,feed_38,0.3
84,2025-10-26,feed_38,0.3
85,2025-10-27,feed_38,0
86,2025-10-28,feed_38,0.3
87,2025-10-29,feed_38,0.3
88,2025-10-30,feed_38,0.3
89,2025-10-31,feed_38,0.3
90,2025-11-01,feed_38,0.3
26,2025-08-29,feed_39,0.025
27,2025-08-30,feed_39,0.05
28,2025-08-31,feed_39,0.05
29,2025-09-01,feed_39,0.05
30,2025-09-02,feed_39,0.2
31,2025-09-03,feed_39,0.2
32,2025-09-04,feed_39,0.2
33,2025-09-05,feed_39,0.2
34,2025-09-06,feed_39,0.2
35,2025-09-07,feed_39,0.2
36,2025-09-08,feed_39,0.3
37,2025-09-09,feed_39,0.3
38,2025-09-10,feed_39,0.3
39,2025-09-11,feed_39,0.3
40,2025-09-12,feed_39,0.3
41,2025-09-13,feed_39,0.3
42,2025-09-14,feed_39,0.3
43,2025-09-15,feed_39,0.3
44,2025-09-16,feed_39,0.3
45,2025-09-17,feed_39,0.3
46,2025-09-18,feed_39,0.3
47,2025-09-19,feed_39,0.3
48,2025-09-20,feed_39,0.3
49,2025-09-21,feed_39,0.3
50,2025-09-22,feed_39,0.3
51,2025-09-23,feed_39,0.3
52,2025-09-24,feed_39,0.3
53,2025-09-25,feed_39,0.3
54,2025-09-26,feed_39,0.3
55,2025-09-27,feed_39,0.3
56,2025-09-28,feed_39,0.3
57,2025-09-29,feed_39,0.3
58,2025-09-30,feed_39,0.3
59,2025-10-01,feed_39,0.3
60,2025-10-02,feed_39,0.3
61,2025-10-03,feed_39,0.3
62,2025-10-04,feed_39,0.2
63,2025-10-05,feed_39,0.3
64,2025-10-06,feed_39,0.3
65,2025-10-07,feed_39,0.3
66,2025-10-08,feed_39,0.3
67,2025-10-09,feed_39,0.3
68,2025-10-10,feed_39,0.3
69,2025-10-11,feed_39,0.3
70,2025-10-12,feed_39,0.3
71,2025-10-13,feed_39,0.3
72,2025-10-14,feed_39,0.3
73,2025-10-15,feed_39,0.3
74,2025-10-16,feed_39,0.3
75,2025-10-17,feed_39,0.3
77,2025-10-19,feed_39,0.3
78,2025-10-20,feed_39,0.3
79,2025-10-21,feed_39,0.3
80,2025-10-22,feed_39,0.3
81,2025-10-23,feed_39,0.3
82,2025-10-24,feed_39,0.3
84,2025-10-26,feed_39,0.3
85,2025-10-27,feed_39,0
86,2025-10-28,feed_39,0.3
87,2025-10-29,feed_39,0.3
88,2025-10-30,feed_39,0.3
89,2025-10-31,feed_39,0.3
90,2025-11-01,feed_39,0.3
26,2025-08-29,feed_40,0.025
27,2025-08-30,feed_40,0.05
28,2025-08-31,feed_40,0.05
29,2025-09-01,feed_40,0.05
30,2025-09-02,feed_40,0.2
31,2025-09-03,feed_40,0.2
32,2025-09-04,feed_40,0.2
33,2025-09-05,feed_40,0.2
34,2025-09-06,feed_40,0.2
35,2025-09-07,feed_40,0.2
36,2025-09-08,feed_40,0.3
37,2025-09-09,feed_40,0.3
38,2025-09-10,feed_40,0.3
39,2025-09-11,feed_40,0.3
40,2025-09-12,feed_40,0.3
41,2025-09-13,feed_40,0.3
42,2025-09-14,feed_40,0.3
43,2025-09-15,feed_40,0.3
44,2025-09-16,feed_40,0.3
45,2025-09-17,feed_40,0.3
46,2025-09-18,feed_40,0.3
47,2025-09-19,feed_40,0.3
48,2025-09-20,feed_40,0.3
49,2025-09-21,feed_40,0.3
50,2025-09-22,feed_40,0.3
51,2025-09-23,feed_40,0.3
52,2025-09-24,feed_40,0.3
53,2025-09-25,feed_40,0.3
54,2025-09-26,feed_40,0.3
55,2025-09-27,feed_40,0.3
56,2025-09-28,feed_40,0.3
57,2025-09-29,feed_40,0.3
58,2025-09-30,feed_40,0.3
59,2025-10-01,feed_40,0.3
60,2025-10-02,feed_40,0.3
61,2025-10-03,feed_40,0.3
62,2025-10-04,feed_40,0.2
63,2025-10-05,feed_40,0.3
64,2025-10-06,feed_40,0.3
65,2025-10-07,feed_40,0.3
66,2025-10-08,feed_40,0.3
67,2025-10-09,feed_40,0.3
68,2025-10-10,feed_40,0.3
69,2025-10-11,feed_40,0.3
70,2025-10-12,feed_40,0.3
71,2025-10-13,feed_40,0.3
72,2025-10-14,feed_40,0.3
73,2025-10-15,feed_40,0.3
74,2025-10-16,feed_40,0.3
75,2025-10-17,feed_40,0.3
77,2025-10-19,feed_40,0.3
78,2025-10-20,feed_40,0.3
79,2025-10-21,feed_40,0.3
80,2025-10-22,feed_40,0.3
81,2025-10-23,feed_40,0.3
82,2025-10-24,feed_40,0.3
84,2025-10-26,feed_40,0.3
85,2025-10-27,feed_40,0
86,2025-10-28,feed_40,0.3
87,2025-10-29,feed_40,0.3
88,2025-10-30,feed_40,0.3
89,2025-10-31,feed_40,0.3
90,2025-11-01,feed_40,0.3
18,2025-08-21,feed_41,NH @.2
19,2025-08-22,feed_41,increase up to 0.3/mL as needed
27,2025-08-30,feed_41,NH down to 0.1/mL and ENR @ 0.1/mL
30,2025-09-02,feed_41,End NH. ENR @ 0.2 or 0.3/mL (depending on how good the tank looks)
32,2025-09-04,feed_41,2
55,2025-09-27,feed_41,End ENR (if doing well on other feeds)
15,2025-08-18,feed_42,Check if larvae are big enough to start NH Artemia
18,2025-08-21,feed_42,*Change Standpipe to 1000 micron*
19,2025-08-22,feed_42,Note: artemia enriched with algamac 3050 instead of multigain for all tanks for last week or so?
24,2025-08-27,feed_42,Check if larvae are big enough to start ENR Artemia
25,2025-08-28,feed_42,Not started today low on ENR
31,2025-09-03,feed_42,extend NH if needed
46,2025-09-18,feed_42,Little extra
85,2025-10-27,feed_42,"No ENR, high mortality in cylinder"
25,2025-08-28,feed_43,A2+B1
26,2025-08-29,feed_43,A2+B1
27,2025-08-30,feed_43,A2+B1
28,2025-08-31,feed_43,A2+B1
29,2025-09-01,feed_43,A2+B1
30,2025-09-02,feed_43,A2+B1
31,2025-09-03,feed_43,A2+B1
32,2025-09-04,feed_43,A2+B1
33,2025-09-05,feed_43,A2+B1
34,2025-09-06,feed_43,A2+B1
35,2025-09-07,feed_43,A2+B1
36,2025-09-08,feed_43,A2+B1
37,2025-09-09,feed_43,A2+B1
38,2025-09-10,feed_43,A2+B1
39,2025-09-11,feed_43,A2+B1
40,2025-09-12,feed_43,B1+B2
41,2025-09-13,feed_43,B1+B2
42,2025-09-14,feed_43,B1+B2
43,2025-09-15,feed_43,B1+B2
44,2025-09-16,feed_43,B1+B2
45,2025-09-17,feed_43,B1+B2
46,2025-09-18,feed_43,B1+B2
47,2025-09-19,feed_43,B1+B2
48,2025-09-20,feed_43,B1+B2
49,2025-09-21,feed_43,B1+B2
50,2025-09-22,feed_43,B2
51,2025-09-23,feed_43,B2+C1
52,2025-09-24,feed_43,B2+C1
53,2025-09-25,feed_43,B2+C1
54,2025-09-26,feed_43,B2+C1
55,2025-09-27,feed_43,B2+C1
56,2025-09-28,feed_43,B2+C1
57,2025-09-29,feed_43,B2+C1
58,2025-09-30,feed_43,B2+C1
59,2025-10-01,feed_43,B2+C1
60,2025-10-02,feed_43,B2+C1
61,2025-10-03,feed_43,B2+C1
62,2025-10-04,feed_43,C1
63,2025-10-05,feed_43,B2+C1
64,2025-10-06,feed_43,B2+C1
65,2025-10-07,feed_43,B2+C1
66,2025-10-08,feed_43,B2+C1
67,2025-10-09,feed_43,B2+C1
68,2025-10-10,feed_43,B2+C1
69,2025-10-11,feed_43,B2+C1
70,2025-10-12,feed_43,B2+C1
71,2025-10-13,feed_43,B2+C1
72,2025-10-14,feed_43,B2+C1
73,2025-10-15,feed_43,B2+C1
74,2025-10-16,feed_43,B2+C1
75,2025-10-17,feed_43,B2+C1
76,2025-10-18,feed_43,C1
77,2025-10-19,feed_43,B2+C1
78,2025-10-20,feed_43,B2/C2
79,2025-10-21,feed_43,B2/C2
80,2025-10-22,feed_43,B2/C2
81,2025-10-23,feed_43,B2/C2
82,2025-10-24,feed_43,B2/C2
83,2025-10-25,feed_43,C1
84,2025-10-26,feed_43,B2/C2
85,2025-10-27,feed_43,B2/C2
86,2025-10-28,feed_43,B2/C2
87,2025-10-29,feed_43,B2+C1
88,2025-10-30,feed_43,B2+C1
89,2025-10-31,feed_43,b2+C1
90,2025-11-01,feed_43,b2+C1
91,2025-11-02,feed_43,C1
25,2025-08-28,feed_44,5x
26,2025-08-29,feed_44,5x
27,2025-08-30,feed_44,5x
28,2025-08-31,feed_44,5x
29,2025-09-01,feed_44,5x
30,2025-09-02,feed_44,5x
31,2025-09-03,feed_44,5x
32,2025-09-04,feed_44,5x
33,2025-09-05,feed_44,5x
34,2025-09-06,feed_44,5x
35,2025-09-07,feed_44,5x
36,2025-09-08,feed_44,5x
37,2025-09-09,feed_44,5x
38,2025-09-10,feed_44,5x
39,2025-09-11,feed_44,5x
40,2025-09-12,feed_44,5x
41,2025-09-13,feed_44,5x
42,2025-09-14,feed_44,5x
43,2025-09-15,feed_44,5x
44,2025-09-16,feed_44,5x
45,2025-09-17,feed_44,5x
46,2025-09-18,feed_44,5x
47,2025-09-19,feed_44,5x
48,2025-09-20,feed_44,5x
49,2025-09-21,feed_44,5x
50,2025-09-22,feed_44,5x
51,2025-09-23,feed_44,5x
52,2025-09-24,feed_44,5x
53,2025-09-25,feed_44,5x
54,2025-09-26,feed_44,5x
55,2025-09-27,feed_44,5x
56,2025-09-28,feed_44,5x
57,2025-09-29,feed_44,5x
58,2025-09-30,feed_44,5x
59,2025-10-01,feed_44,5x
60,2025-10-02,feed_44,5x
61,2025-10-03,feed_44,5x
62,2025-10-04,feed_44,5x
63,2025-10-05,feed_44,5x
64,2025-10-06,feed_44,5x
65,2025-10-07,feed_44,5x
66,2025-10-08,feed_44,5x
67,2025-10-09,feed_44,5x
68,2025-10-10,feed_44,5x
69,2025-10-11,feed_44,5x
70,2025-10-12,feed_44,5x
71,2025-10-13,feed_44,5x
72,2025-10-14,feed_44,5x
73,2025-10-15,feed_44,5x
74,2025-10-16,feed_44,5x
75,2025-10-17,feed_44,5x
76,2025-10-18,feed_44,5x
77,2025-10-19,feed_44,5x
78,2025-10-20,feed_44,5x
79,2025-10-21,feed_44,5x
80,2025-10-22,feed_44,5x
81,2025-10-23,feed_44,5x
82,2025-10-24,feed_44,5x
83,2025-10-25,feed_44,5x
84,2025-10-26,feed_44,5x
85,2025-10-27,feed_44,5x
86,2025-10-28,feed_44,5x
87,2025-10-29,feed_44,5x
88,2025-10-30,feed_44,5x
89,2025-10-31,feed_44,5x
90,2025-11-01,feed_44,5x
91,2025-11-02,feed_44,5x
25,2025-08-28,feed_45,soft start B1
30,2025-09-02,feed_45,Full B1 Start
35,2025-09-07,feed_45,Last Day A2
40,2025-09-12,feed_45,Begin B2 dry feed (5x)
44,2025-09-16,feed_45,Last day B1
50,2025-09-22,feed_45,Begin C1 
60,2025-10-02,feed_45,Last day B2 dry feed
78,2025-10-20,feed_45,out  of C1
25,2025-08-28,feed_46,continue if fish are not fluttering during siphon
26,2025-08-29,feed_46,"if not feeding B1, up AR PODS feeding"
85,2025-10-27,feed_46,Extra
24,2025-08-27,feed_47,AR PODS
25,2025-08-28,feed_47,AR PODS
26,2025-08-29,feed_47,AR PODS
27,2025-08-30,feed_47,AR PODS
28,2025-08-31,feed_47,AR PODS
29,2025-09-01,feed_47,AR PODS
30,2025-09-02,feed_47,AR PODS
31,2025-09-03,feed_47,AR PODS
32,2025-09-04,feed_47,AR PODS
33,2025-09-05,feed_47,AR PODS
34,2025-09-06,feed_47,AR PODS
35,2025-09-07,feed_47,AR PODS
36,2025-09-08,feed_47,AR PODS
37,2025-09-09,feed_47,AR PODS
38,2025-09-10,feed_47,AR PODS
39,2025-09-11,feed_47,AR PODS
40,2025-09-12,feed_47,AR PODS
41,2025-09-13,feed_47,AR PODS
42,2025-09-14,feed_47,AR PODS
43,2025-09-15,feed_47,AR PODS
44,2025-09-16,feed_47,AR PODS
45,2025-09-17,feed_47,AR PODS
46,2025-09-18,feed_47,AR PODS
47,2025-09-19,feed_47,AR PODS
48,2025-09-20,feed_47,AR PODS
49,2025-09-21,feed_47,AR PODS
50,2025-09-22,feed_47,AR PODS
51,2025-09-23,feed_47,AR/calaf
52,2025-09-24,feed_47,AR/calaf
53,2025-09-25,feed_47,AR/calaf
54,2025-09-26,feed_47,AR/calaf
55,2025-09-27,feed_47,AR/calaf
56,2025-09-28,feed_47,AR/calaf
57,2025-09-29,feed_47,AR/calaf
58,2025-09-30,feed_47,AR/calaf
59,2025-10-01,feed_47,AR/calaf
60,2025-10-02,feed_47,AR/calaf
61,2025-10-03,feed_47,AR/calaf
62,2025-10-04,feed_47,AR/calaf
63,2025-10-05,feed_47,AR/calaf
64,2025-10-06,feed_47,AR/calaf
65,2025-10-07,feed_47,AR/calaf
66,2025-10-08,feed_47,AR/calaf
67,2025-10-09,feed_47,AR/calaf
68,2025-10-10,feed_47,AR/calaf
69,2025-10-11,feed_47,AR/calaf
70,2025-10-12,feed_47,AR/calaf
71,2025-10-13,feed_47,AR/calaf
72,2025-10-14,feed_47,AR/calaf
73,2025-10-15,feed_47,AR/calaf
74,2025-10-16,feed_47,AR/calaf
75,2025-10-17,feed_47,AR/calaf
76,2025-10-18,feed_47,AR/calaf
77,2025-10-19,feed_47,AR/calaf
78,2025-10-20,feed_47,AR/calaf
79,2025-10-21,feed_47,AR/calaf
80,2025-10-22,feed_47,AR/calaf
81,2025-10-23,feed_47,AR/calaf
82,2025-10-24,feed_47,AR/calaf
83,2025-10-25,feed_47,AR/calaf
84,2025-10-26,feed_47,AR/calaf
85,2025-10-27,feed_47,AR/calaf
86,2025-10-28,feed_47,AR/calaf
87,2025-10-29,feed_47,AR/calaf
88,2025-10-30,feed_47,AR/calaf
89,2025-10-31,feed_47,AR/calaf
90,2025-11-01,feed_47,AR/calaf
91,2025-11-02,feed_47,AR/calaf
24,2025-08-27,feed_48,x4
25,2025-08-28,feed_48,x4
26,2025-08-29,feed_48,x4
27,2025-08-30,feed_48,x4
28,2025-08-31,feed_48,x4
29,2025-09-01,feed_48,x4
30,2025-09-02,feed_48,x4
31,2025-09-03,feed_48,x4
32,2025-09-04,feed_48,x4
52,2025-09-24,feed_48,2x
53,2025-09-25,feed_48,2x
54,2025-09-26,feed_48,2x
55,2025-09-27,feed_48,2x
56,2025-09-28,feed_48,2x
57,2025-09-29,feed_48,2x
58,2025-09-30,feed_48,4x 
59,2025-10-01,feed_48,4x 
60,2025-10-02,feed_48,4x 
61,2025-10-03,feed_48,4x 
62,2025-10-04,feed_48,4x 
63,2025-10-05,feed_48,4x 
64,2025-10-06,feed_48,4x 
65,2025-10-07,feed_48,4x 
66,2025-10-08,feed_48,4x 
67,2025-10-09,feed_48,4x 
68,2025-10-10,feed_48,4x 
69,2025-10-11,feed_48,4x 
70,2025-10-12,feed_48,4x 
52,2025-09-24,feed_49,Begin Calafin (2x)
57,2025-09-29,feed_49,Increase Calafin to 4x/day
85,2025-10-27,feed_49,Extra
25,2025-08-28,feed_51,SIPHON
26,2025-08-29,feed_51,65
27,2025-08-30,feed_51,114
28,2025-08-31,feed_51,43
29,2025-09-01,feed_51,59
30,2025-09-02,feed_51,50
31,2025-09-03,feed_51,25
32,2025-09-04,feed_51,21
33,2025-09-05,feed_51,13
34,2025-09-06,feed_51,36
35,2025-09-07,feed_51,93
36,2025-09-08,feed_51,55
37,2025-09-09,feed_51,~140
38,2025-09-10,feed_51,109
39,2025-09-11,feed_51,~100
40,2025-09-12,feed_51,32
41,2025-09-13,feed_51,61
42,2025-09-14,feed_51,30
43,2025-09-15,feed_51,64
44,2025-09-16,feed_51,50
45,2025-09-17,feed_51,34
46,2025-09-18,feed_51,~150
47,2025-09-19,feed_51,77
48,2025-09-20,feed_51,23
49,2025-09-21,feed_51,47
50,2025-09-22,feed_51,62
51,2025-09-23,feed_51,41
52,2025-09-24,feed_51,41
53,2025-09-25,feed_51,26
54,2025-09-26,feed_51,26
55,2025-09-27,feed_51,42
56,2025-09-28,feed_51,38
57,2025-09-29,feed_51,16
58,2025-09-30,feed_51,36
59,2025-10-01,feed_51,22
60,2025-10-02,feed_51,22
61,2025-10-03,feed_51,16
62,2025-10-04,feed_51,16
63,2025-10-05,feed_51,7
64,2025-10-06,feed_51,8
65,2025-10-07,feed_51,0
66,2025-10-08,feed_51,1
67,2025-10-09,feed_51,0
68,2025-10-10,feed_51,2
69,2025-10-11,feed_51,0
70,2025-10-12,feed_51,2
71,2025-10-13,feed_51,3
72,2025-10-14,feed_51,4
73,2025-10-15,feed_51,2
74,2025-10-16,feed_51,1
75,2025-10-17,feed_51,0
76,2025-10-18,feed_51,1
77,2025-10-19,feed_51,0
78,2025-10-20,feed_51,0
79,2025-10-21,feed_51,2
80,2025-10-22,feed_51,1
81,2025-10-23,feed_51,0
82,2025-10-24,feed_51,0
84,2025-10-26,feed_51,0
85,2025-10-27,feed_51,0
86,2025-10-28,feed_51,0
87,2025-10-29,feed_51,0
88,2025-10-30,feed_51,0
89,2025-10-31,feed_51,0
90,2025-11-01,feed_51,0
13,2025-08-16,feed_69,Previous Average Mortalities
14,2025-08-17,feed_69,16.1
15,2025-08-18,feed_69,17.09375
16,2025-08-19,feed_69,38.861111111111114
17,2025-08-20,feed_69,19.86046511627907
18,2025-08-21,feed_69,30.34090909090909
19,2025-08-22,feed_69,20.367346938775512
20,2025-08-23,feed_69,24.93617021276596
21,2025-08-24,feed_69,26.04255319148936
22,2025-08-25,feed_69,37.326530612244895
23,2025-08-26,feed_69,49.14
24,2025-08-27,feed_69,43.86
25,2025-08-28,feed_69,43.57142857142857
26,2025-08-29,feed_69,47.48
27,2025-08-30,feed_69,43.354166666666664
28,2025-08-31,feed_69,39.8125
29,2025-09-01,feed_69,34.78
30,2025-09-02,feed_69,31.48936170212766
31,2025-09-03,feed_69,36.61224489795919
32,2025-09-04,feed_69,34.714285714285715
33,2025-09-05,feed_69,27.434782608695652
34,2025-09-06,feed_69,24.488888888888887
35,2025-09-07,feed_69,21.844444444444445
36,2025-09-08,feed_69,19.658536585365855
37,2025-09-09,feed_69,15.3
38,2025-09-10,feed_69,12.128205128205128
39,2025-09-11,feed_69,10.05
40,2025-09-12,feed_69,7.538461538461538
41,2025-09-13,feed_69,4.421052631578948
42,2025-09-14,feed_69,4.702702702702703
43,2025-09-15,feed_69,3.5526315789473686
44,2025-09-16,feed_69,2.8857142857142857
45,2025-09-17,feed_69,1.8888888888888888
46,2025-09-18,feed_69,1.8
47,2025-09-19,feed_69,1.4722222222222223
48,2025-09-20,feed_69,0.8333333333333334
49,2025-09-21,feed_69,1.0555555555555556
50,2025-09-22,feed_69,0.9411764705882353
